<?xml version="1.0" encoding="UTF-8"?>
<project-private xmlns="http://www.netbeans.org/ns/project-private/1">
    <editor-bookmarks xmlns="http://www.netbeans.org/ns/editor-bookmarks/2" lastBookmarkId="0"/>
    <open-files xmlns="http://www.netbeans.org/ns/projectui-open-files/2">
        <group>
            <file>file:/C:/Users/jose.villagrana/Documents/NetBeansProjects/OKCupidWeb/src/java/okcupid/OkCupid.java</file>
            <file>file:/C:/Users/jose.villagrana/Documents/NetBeansProjects/OKCupidWeb/src/java/com/okcupid/controller/OkCupidWebController.java</file>
            <file>file:/C:/Users/jose.villagrana/Documents/NetBeansProjects/OKCupidWeb/web/index.html</file>
            <file>file:/C:/Users/jose.villagrana/Documents/NetBeansProjects/OKCupidWeb/web/WEB-INF/jsp/other.jsp</file>
            <file>file:/C:/Users/jose.villagrana/Documents/NetBeansProjects/OKCupidWeb/web/WEB-INF/web.xml</file>
            <file>file:/C:/Users/jose.villagrana/Documents/NetBeansProjects/OKCupidWeb/src/java/com/okcupid/controller/OkCupidWSClient.java</file>
            <file>file:/C:/Users/jose.villagrana/Documents/NetBeansProjects/OKCupidWeb/src/java/com/okcupid/controller/JsonReader.java</file>
            <file>file:/C:/Users/jose.villagrana/Documents/NetBeansProjects/OKCupidWeb/src/java/com/okcupid/controller/ProcessProfiles.java</file>
            <file>file:/C:/Users/jose.villagrana/Documents/NetBeansProjects/OKCupidWeb/web/WEB-INF/OkCupidWebServlet-servlet.xml</file>
        </group>
    </open-files>
</project-private>
